{
  "long_threshold": 0.03,
  "short_threshold": 0.08,
  "max_single_weight": 0.2,
  "top_n_long": 4,
  "target_annual_vol": 0.25,
  "objective": 0.9045650372970793,
  "annualized_return": 0.2274817718358917,
  "sharpe": 0.8363205057463118,
  "max_drawdown": 0.07627910070795552,
  "win_rate": 0.5333333333333333
}